{
  "JJ": 0.08333333333333333,
  ",": 0.08333333333333333,
  "VB": 0.08333333333333333,
  "NNS": 0.08333333333333333,
  "IN": 0.08333333333333333,
  "MD": 0.08333333333333333,
  "POS": 0.08333333333333333,
  "VBN": 0.08333333333333333,
  "NN": 0.08333333333333333,
  "DT": 0.08333333333333333,
  "CC": 0.08333333333333333,
  ".": 0.08333333333333333
}