{
  "JJ": {
    "NN": 1.0
  },
  ",": {
    "NN": 0.6666666666666666,
    "IN": 0.3333333333333333
  },
  "NNS": {
    "IN": 0.5,
    "DT": 0.5
  },
  "VB": {
    "VBN": 1.0
  },
  "IN": {
    "NN": 0.3333333333333333,
    "NNS": 0.3333333333333333,
    "JJ": 0.3333333333333333
  },
  "MD": {
    "VB": 1.0
  },
  "POS": {
    "NN": 1.0
  },
  "VBN": {
    "IN": 1.0
  },
  "NN": {
    "CC": 0.125,
    "NNS": 0.125,
    "POS": 0.125,
    "MD": 0.125,
    ".": 0.125,
    ",": 0.375
  },
  "DT": {
    "NN": 1.0
  },
  "CC": {
    "NN": 1.0
  },
  ".": {
    "DT": 1.0
  }
}